{
    "attributes": {
        "毛色": {
            "expressed": [
                "海豹色",
                "蓝色",
                "淡紫色",
                "火焰色",
                "巧克力色"
            ],
            "weights": [
                35,
                5,
                10,
                15,
                15
            ],
            "rarity": [
                1,
                5,
                1,
                1,
                1
            ],
            "geneStrength": [
                33.141373649258945,
                4.133610057858656,
                31.00207543393992,
                11.261054371284885,
                12.861210993769975
            ]
        },
        "眼睛": {
            "expressed": [
                "红",
                "橙",
                "黄",
                "绿",
                "青",
                "蓝",
                "紫",
                "白",
                "黑",
                "棕"
            ],
            "weights": [
                5,
                5,
                5,
                5,
                5,
                5,
                1,
                1,
                10,
                10
            ],
            "rarity": [
                5,
                6,
                6,
                5,
                6,
                5,
                8,
                9,
                1,
                1
            ],
            "geneStrength": [
                9.001688893309538,
                15.519878615713234,
                18.90838266221528,
                11.610740706044723,
                5.848972535144607,
                1.852601367568118,
                0.5753275894106044,
                0.5952284941456814,
                20.702722794073853,
                14.66358818526702
            ]
        },
        "尾巴": {
            "expressed": [
                "标准",
                "短尾",
                "长尾"
            ],
            "weights": [
                50,
                20,
                10
            ],
            "rarity": [
                1,
                1,
                2
            ],
            "geneStrength": [
                71.20200984536422,
                27.909089273829434,
                0.7494948404775181
            ]
        },
        "性格": {
            "expressed": [
                "温顺",
                "活泼",
                "高冷",
                "胆小",
                "好奇"
            ],
            "weights": [
                30,
                25,
                20,
                15,
                10
            ],
            "rarity": [
                2,
                4,
                1,
                2,
                3
            ],
            "geneStrength": [
                19.544583672840186,
                2.7527582637803074,
                27.7478032989055,
                38.736814287916495,
                11.21804047655751
            ],
            "isMultiSelect": false
        },
        "性别": {
            "expressed": [
                "公",
                "母"
            ],
            "weights": [
                50,
                50
            ],
            "rarity": [
                1,
                1
            ],
            "geneStrength": [
                53.191489361702125,
                46.808510638297875
            ],
            "isMultiSelect": false
        },
        "特征": {
            "expressed": [
                "希特勒",
                "完美粉色鼻头",
                "包子脸",
                "大眼",
                "无",
                "异色瞳",
                "冰魄色眼",
                "彩虹色毛"
            ],
            "weights": [
                3,
                3,
                1,
                2,
                99,
                1,
                1,
                0
            ],
            "rarity": [
                3,
                3,
                5,
                2,
                1,
                8,
                9,
                10
            ],
            "geneStrength": [
                5.6606149534871895,
                2.748129300221669,
                4.3745963357190645,
                4.154230933421677,
                80.61793997046873,
                0.8227847654643152,
                0.814803160295979,
                0.8069005809213886
            ]
        },
        "体型": {
            "expressed": [
                "标准",
                "小型",
                "大型",
                "迷你"
            ],
            "weights": [
                40,
                30,
                20,
                10
            ],
            "rarity": [
                2,
                1,
                3,
                1
            ],
            "geneStrength": [
                28.738022672787366,
                67.25377942811338,
                1.5125275090940717,
                2.4956703900052184
            ]
        },
        "毛长": {
            "expressed": [
                "短毛",
                "中毛",
                "长毛"
            ],
            "weights": [
                35,
                35,
                25
            ],
            "rarity": [
                1,
                2,
                3
            ],
            "geneStrength": [
                41.337495497658786,
                43.942850282146715,
                14.719654220194503
            ]
        },
        "品种": {
            "expressed": [
                "梵色",
                "双色",
                "手套",
                "重点"
            ],
            "weights": [
                2,
                2,
                1,
                4
            ],
            "rarity": [
                3,
                2,
                2,
                1
            ],
            "geneStrength": [
                7.476495621720808,
                35.48844975624611,
                15.742707384362072,
                41.292347237671
            ]
        },
        "花纹A": {
            "expressed": [
                "玳瑁",
                "瑕疵玳瑁",
                "完美玳瑁"
            ],
            "weights": [
                3,
                5,
                2
            ],
            "rarity": [
                3,
                1,
                8
            ],
            "geneStrength": [
                14.522209709659705,
                84.47977800280853,
                0.9980122875317597
            ]
        },
        "花纹B": {
            "expressed": [
                "瑕疵山猫",
                "山猫",
                "完美山猫"
            ],
            "weights": [
                5,
                3,
                2
            ],
            "rarity": [
                1,
                3,
                8
            ],
            "geneStrength": [
                84.47977800280853,
                14.522209709659705,
                0.9980122875317597
            ],
            "isMultiSelect": false,
            "maxSelect": 1
        }
    },
    "breedingCooldown": 24,
    "defaultMutationRate": 10,
    "defaultAberrationRate": 5,
    "aberrationBonus": 2,
    "initialMaxBreedingCooldown": 24,
    "cdReductionPerBreeding": 8,
    "coinMultiplier": 1
}